scenario,label,window,closure_weeks,capacity_factor,holding_rate,shortage_rate,critical_ratio,bulk_cap_quantile,reversals,registry,normalize_case,capacity_units,proportional_cost,scaled_fractile_cost,optimizer_cost,optimizer_unit_cost,unconstrained_cost,optimizer_vs_scaled_fractile,optimizer_vs_scaled_fractile_low,optimizer_vs_scaled_fractile_high,optimizer_vs_scaled_fractile_weeks_won,optimizer_vs_scaled_fractile_weeks_lost,optimizer_vs_proportional,optimizer_vs_proportional_low,optimizer_vs_proportional_high,optimizer_vs_proportional_weeks_won,optimizer_vs_proportional_weeks_lost,best_within_capacity
primary,Primary configuration,trailing_52,drop,1.0,0.05,0.3,0.8571428571428571,,prompt,True,True,6455,82095.07449999999,77909.2695,81044.5115,79512.9375,76402.588,0.04024222047159576,0.005675458451775323,0.08291970129867333,20,32,-0.012796906591515556,-0.04878300672801986,0.03347884674001174,27,25,scaled_fractile
capacity_0.75,Capacity factor 0.75,trailing_52,drop,0.75,0.05,0.3,0.8571428571428571,,prompt,True,True,4841,97781.7075,94719.462,96037.859,97301.127,76402.588,0.013918966304939495,-0.04545665904930608,0.08146082970509916,25,27,-0.017834097446089214,-0.07960185259343107,0.04990734843718238,29,23,scaled_fractile
capacity_1.25,Capacity factor 1.25,trailing_52,drop,1.25,0.05,0.3,0.8571428571428571,,prompt,True,True,8069,77967.55,73511.11600000001,75231.37299999999,74473.2775,76402.588,0.023401317972100877,0.009004779436808058,0.04062222894778792,16,36,-0.035093792225098674,-0.05365140427315051,0.001308555146038022,32,20,scaled_fractile
ratio_0.75,Critical ratio 0.75,trailing_52,drop,1.0,0.05,0.15,0.75,,prompt,True,True,6455,51685.350999999995,50208.94450000001,51233.638999999996,50570.5365,53366.657999999996,0.020408604685963727,0.008949906583179443,0.03441547520420833,13,39,-0.008739652363007222,-0.03800103705858622,0.017954913658027597,27,25,scaled_fractile
ratio_0.95,Critical ratio 0.95,trailing_52,drop,1.0,0.05,0.95,0.95,,prompt,True,True,6455,213870.54299999998,224974.4275,201159.54,204930.0085,140213.12949999998,-0.10585597556415627,-0.22782343716214554,0.0009945608448754615,35,17,-0.05943316373400709,-0.1255470313500556,0.01654439179189913,31,21,optimizer
ratio_0.98,Critical ratio 0.98,trailing_52,drop,1.0,0.05,2.45,0.98,,prompt,True,True,6455,517967.77800000005,591553.66,468185.25200000004,494354.0185,209589.1185,-0.20854981777984438,-0.3375729257018538,-0.09980947419897103,40,12,-0.09611124111276281,-0.1831030189554288,-0.008318042645397553,33,19,optimizer
trailing_13,History: trailing 13 weeks,trailing_13,drop,1.0,0.05,0.3,0.8571428571428571,,prompt,True,True,6455,87238.60949999999,98001.5275,84225.09700000001,83324.3805,97834.68100000001,-0.14057363034469028,-0.18594568846612367,-0.07598972839469005,44,8,-0.0345433348522135,-0.05833370846587364,0.029703711161084563,30,22,optimizer_unit
seasonal_analog,History: same 13 weeks a year earlier,seasonal_analog,drop,1.0,0.05,0.3,0.8571428571428571,,prompt,True,True,6455,89065.1255,87247.3355,91182.875,89001.30600000001,89189.803,0.04510784744824692,-0.0016194780220495488,0.10361482672247023,20,32,0.02377753905483493,-0.012916196424330196,0.06860397149966531,18,34,scaled_fractile
originally_cleaned,Data as originally cleaned,trailing_52,drop,1.0,0.05,0.3,0.8571428571428571,,none,False,False,6455,83785.4495,79648.31700000001,82685.679,81214.2295,77293.072,0.03813466642364838,0.0023598065365981057,0.0821716580994699,21,31,-0.013126032104178176,-0.04823500625267855,0.032383564551871274,28,24,scaled_fractile
all_exact_credits,All exactly matched credits removed as known,trailing_52,drop,1.0,0.05,0.3,0.8571428571428571,,all_exact,True,True,6455,81939.813,77936.02175,80606.13425,79409.40775000001,76080.316,0.03426031301116539,-0.007611274925976066,0.078859740937523,22,30,-0.016276321621578216,-0.059260283572270075,0.031569929656712,28,24,scaled_fractile
bulk_cap,History capped at each SKU's 99th-percentile order (added after an exploratory result favored it),trailing_52,drop,1.0,0.05,0.3,0.8571428571428571,0.99,prompt,True,True,6455,80323.407,78644.668,79161.838,78850.8915,74767.74350000001,0.006576033864113873,-0.029527740296099406,0.045467230880778614,23,29,-0.014461152027577584,-0.02920248495444098,0.021885980255669842,23,29,scaled_fractile
closure_weeks_kept,Closure weeks kept as zero-sales history,trailing_52,zero,1.0,0.05,0.3,0.8571428571428571,,prompt,True,True,6455,82095.07449999999,77909.2695,80943.688,79512.9375,76402.588,0.038948106168547714,0.005437956276881868,0.08007098506406306,20,32,-0.01402503751915074,-0.04901970945448811,0.03115680434730547,28,24,scaled_fractile
