sku,description,unit_price,train_mean,train_std,train_positive_median,train_max,active_train_weeks,proportional_qty,optimized_qty,newsvendor_qty,spike_ratio,scaled_fractile_qty,anonymous_share,top_customer_share,top_invoice_share,decision_week
22423,REGENCY CAKESTAND 3 TIER,12.75,198.66666666666666,114.19924109496817,171.0,785,51,244,298,301,4.590643274853801,220,0.12041058033951836,0.10007895775759969,0.026845637583892617,2011-12-05
85123A,WHITE HANGING HEART T-LIGHT HOLDER,2.95,660.8235294117648,556.3441275283618,503.0,3329,51,810,762,1020,6.618290258449304,745,0.029909204201531068,0.12206990683045517,0.05726663106047119,2011-12-05
85099B,JUMBO BAG RED RETROSPOT,2.08,832.7647058823529,459.65089310194077,743.0,2496,51,1021,973,1324,3.3593539703903095,967,0.05250641614277978,0.1106637470273834,0.028254573709119164,2011-12-05
84879,ASSORTED COLOUR BIRD ORNAMENT,1.69,630.3137254901961,552.789417054852,540.0,3792,51,773,688,912,7.022222222222222,666,0.029117152989485473,0.157033534498849,0.0895912399676476,2011-12-05
22086,PAPER CHAIN KIT 50'S CHRISTMAS,2.95,316.8627450980392,531.1154684099436,43.5,2149,42,388,495,739,49.40229885057471,540,0.18768564356435644,0.100990099009901,0.06311881188118812,2011-12-05
47566,PARTY BUNTING,4.95,331.3333333333333,240.55050751695924,248.0,964,51,406,534,586,3.8870967741935485,428,0.17475440880577583,0.044383950763403957,0.011835720203574387,2011-12-05
84347,ROTATING SILVER ANGELS T-LIGHT HLDR,2.55,154.3921568627451,272.6412352107709,12.5,1144,42,189,178,469,91.52,343,0.17691135382270765,0.1524003048006096,0.0762001524003048,2011-12-05
48138,DOORMAT UNION FLAG,7.95,67.94117647058823,99.95267115284231,41.0,544,51,83,81,89,13.268292682926829,65,0.03694083694083694,0.31746031746031744,0.1443001443001443,2011-12-05
21843,RED RETROSPOT CAKE STAND,10.95,21.137254901960784,19.95095948353676,16.0,104,51,26,34,38,6.5,28,0.15584415584415584,0.08905380333951762,0.06679035250463822,2011-12-05
21621,VINTAGE UNION JACK BUNTING,8.5,52.84313725490196,69.39232595871667,28.0,338,49,65,79,88,12.071428571428571,64,0.09239332096474953,0.08682745825602968,0.07421150278293136,2011-12-05
85099F,JUMBO BAG STRAWBERRY,2.08,313.19607843137254,245.05273061999068,271.5,1052,50,384,413,522,3.874769797421731,381,0.03080197833844613,0.20659863519689475,0.05634508232642584,2011-12-05
15056N,EDWARDIAN PARASOL NATURAL,5.95,69.3921568627451,66.29572487917227,37.0,319,51,85,102,138,8.621621621621621,101,0.0680983328623905,0.09155128567391918,0.040689460299519635,2011-12-05
21232,STRAWBERRY CERAMIC TRINKET BOX,1.25,180.33333333333334,122.69093962745035,139.0,733,51,221,154,304,5.273381294964029,222,0.14417744916820702,0.13395672501902794,0.05480047841687507,2011-12-05
22386,JUMBO BAG PINK POLKADOT,2.08,368.078431372549,252.95563588402254,354.0,1539,51,451,409,560,4.3474576271186445,409,0.06738759855103345,0.17579373535052206,0.04261666311527807,2011-12-05
20685,DOORMAT RED RETROSPOT,7.95,66.05882352941177,94.27500448468955,36.0,526,51,81,89,95,14.61111111111111,70,0.055506084891659244,0.3265063817156426,0.08904719501335707,2011-12-05
85099C,JUMBO  BAG BAROQUE BLACK WHITE,2.08,247.62745098039215,146.98108188257612,211.0,697,51,304,278,437,3.3033175355450237,319,0.0833003404861826,0.07918283316177052,0.03959141658088526,2011-12-05
20725,LUNCH BAG RED RETROSPOT,1.65,281.3529411764706,126.77851924193023,268.0,583,51,345,315,424,2.175373134328358,310,0.11073942435012893,0.03547285525123702,0.010453690152623877,2011-12-05
79321,CHILLI LIGHTS,5.75,180.41176470588235,207.8163782256431,109.0,959,51,221,234,337,8.79816513761468,246,0.06303662645364634,0.156504727746984,0.05216824258232801,2011-12-05
21754,HOME BUILDING BLOCK WORD,5.95,49.294117647058826,24.84052665918906,45.0,132,51,60,61,70,2.933333333333333,51,0.042163882259347654,0.0405727923627685,0.014319809069212411,2011-12-05
21931,JUMBO STORAGE BAG SUKI,2.08,242.86274509803923,108.82169261830899,242.0,500,51,298,278,383,2.0661157024793386,280,0.1659938640400452,0.07322783788147909,0.016147263038914905,2011-12-05
